fire_id,latitude,longitude,acq_date,acq_time,ml_prediction,ml_probability,user_label,feedback_date,notes
26.9391_49.4833_2025-11-22_0000,26.9391,49.4833,2025-11-22,0000,unknown,0.5,industrial_flare,2025-11-22,NA
26.9388_49.4839_2025-11-22_0000,26.9388,49.4839,2025-11-22,0000,unknown,0.5,industrial_flare,2025-11-22,NA
26.9529_49.5087_2025-11-22_0000,26.9529,49.5087,2025-11-22,0000,unknown,0.5,industrial_flare,2025-11-22,NA
26.9534_49.5072_2025-11-22_0000,26.9534,49.5072,2025-11-22,0000,unknown,0.5,industrial_flare,2025-11-22,NA
25.4614_49.6013_2025-11-22_0000,25.4614,49.6013,2025-11-22,0000,unknown,0.5,wildfire,2025-11-22,NA
24.5111_46.8579_2025-11-22_0000,24.5111,46.8579,2025-11-22,0000,unknown,0.5,wildfire,2025-11-22,NA
24.4025_46.7865_2025-11-22_0000,24.4025,46.7865,2025-11-22,0000,unknown,0.5,wildfire,2025-11-22,NA
24.5168_46.7077_2025-11-22_0000,24.5168,46.7077,2025-11-22,0000,unknown,0.5,wildfire,2025-11-22,NA
24.5012_45.873_2025-11-22_0000,24.5012,45.873,2025-11-22,0000,unknown,0.5,wildfire,2025-11-22,NA
27.5239_42.5778_2025-11-22_0000,27.5239,42.5778,2025-11-22,0000,unknown,0.5,wildfire,2025-11-22,NA
27.5281_42.601_2025-11-22_0000,27.5281,42.601,2025-11-22,0000,unknown,0.5,wildfire,2025-11-22,NA
27.5286_42.6005_2025-11-22_0000,27.5286,42.6005,2025-11-22,0000,unknown,0.5,wildfire,2025-11-22,NA
27.5173_42.5944_2025-11-22_0000,27.5173,42.5944,2025-11-22,0000,unknown,0.5,wildfire,2025-11-22,NA
27.487_42.5966_2025-11-22_0000,27.487,42.5966,2025-11-22,0000,unknown,0.5,wildfire,2025-11-22,NA
27.4846_42.5956_2025-11-22_0000,27.4846,42.5956,2025-11-22,0000,unknown,0.5,wildfire,2025-11-22,NA
25.0596_38.8667_2025-11-22_0000,25.0596,38.8667,2025-11-22,0000,unknown,0.5,wildfire,2025-11-22,NA
25.0197_38.9657_2025-11-22_0000,25.0197,38.9657,2025-11-22,0000,unknown,0.5,wildfire,2025-11-22,NA
24.1307_39.6551_2025-11-22_0000,24.1307,39.6551,2025-11-22,0000,unknown,0.5,wildfire,2025-11-22,NA
24.1253_39.6565_2025-11-22_0000,24.1253,39.6565,2025-11-22,0000,unknown,0.5,wildfire,2025-11-22,NA
23.9786_38.257_2025-11-22_0000,23.9786,38.257,2025-11-22,0000,unknown,0.5,industrial_flare,2025-11-22,NA
26.6797_37.914_2025-11-22_0000,26.6797,37.914,2025-11-22,0000,unknown,0.5,wildfire,2025-11-22,NA
26.7295_37.894_2025-11-22_0000,26.7295,37.894,2025-11-22,0000,unknown,0.5,wildfire,2025-11-22,NA
26.8387_37.9526_2025-11-22_0000,26.8387,37.9526,2025-11-22,0000,unknown,0.5,wildfire,2025-11-22,NA
27.5304_35.5386_2025-11-22_0000,27.5304,35.5386,2025-11-22,0000,unknown,0.5,industrial_flare,2025-11-22,NA
21.3224_39.3143_2025-11-22_0000,21.3224,39.3143,2025-11-22,0000,unknown,0.5,wildfire,2025-11-22,NA
31.4161_38.6833_2025-11-22_0000,31.4161,38.6833,2025-11-22,0000,unknown,0.5,industrial_flare,2025-11-22,NA
31.4135_38.6866_2025-11-22_0000,31.4135,38.6866,2025-11-22,0000,unknown,0.5,industrial_flare,2025-11-22,NA
31.4342_39.1327_2025-11-22_0000,31.4342,39.1327,2025-11-22,0000,unknown,0.5,industrial_flare,2025-11-22,NA
31.4358_39.132_2025-11-22_0000,31.4358,39.132,2025-11-22,0000,unknown,0.5,industrial_flare,2025-11-22,NA
31.4363_39.1262_2025-11-22_0000,31.4363,39.1262,2025-11-22,0000,unknown,0.5,industrial_flare,2025-11-22,NA
31.4354_39.1294_2025-11-22_0000,31.4354,39.1294,2025-11-22,0000,unknown,0.5,industrial_flare,2025-11-22,NA
31.4348_39.1282_2025-11-22_0000,31.4348,39.1282,2025-11-22,0000,unknown,0.5,industrial_flare,2025-11-22,NA
31.4341_39.1294_2025-11-22_0000,31.4341,39.1294,2025-11-22,0000,unknown,0.5,industrial_flare,2025-11-22,NA
31.4331_39.1298_2025-11-22_0000,31.4331,39.1298,2025-11-22,0000,unknown,0.5,industrial_flare,2025-11-22,NA
28.2686_43.196_2025-11-22_0000,28.2686,43.196,2025-11-22,0000,unknown,0.5,industrial_flare,2025-11-22,NA
28.2704_43.1973_2025-11-22_0000,28.2704,43.1973,2025-11-22,0000,unknown,0.5,industrial_flare,2025-11-22,NA
26.4917_43.9637_2025-11-22_0000,26.4917,43.9637,2025-11-22,0000,unknown,0.5,industrial_flare,2025-11-22,NA
26.4907_43.9631_2025-11-22_0000,26.4907,43.9631,2025-11-22,0000,unknown,0.5,industrial_flare,2025-11-22,NA
26.4932_43.9593_2025-11-22_0000,26.4932,43.9593,2025-11-22,0000,unknown,0.5,industrial_flare,2025-11-22,NA
26.4923_43.9597_2025-11-22_0000,26.4923,43.9597,2025-11-22,0000,unknown,0.5,industrial_flare,2025-11-22,NA
27.0199_49.5777_2025-11-22_0000,27.0199,49.5777,2025-11-22,0000,unknown,0.5,industrial_flare,2025-11-22,NA
27.018_49.579_2025-11-22_0000,27.018,49.579,2025-11-22,0000,unknown,0.5,industrial_flare,2025-11-22,NA
27.0171_49.579_2025-11-22_0000,27.0171,49.579,2025-11-22,0000,unknown,0.5,industrial_flare,2025-11-22,NA
27.0167_49.5804_2025-11-22_0000,27.0167,49.5804,2025-11-22,0000,unknown,0.5,industrial_flare,2025-11-22,NA
27.0173_49.5742_2025-11-22_0000,27.0173,49.5742,2025-11-22,0000,unknown,0.5,industrial_flare,2025-11-22,NA
27.01_49.5602_2025-11-22_0000,27.01,49.5602,2025-11-22,0000,unknown,0.5,industrial_flare,2025-11-22,NA
27.0246_49.5323_2025-11-22_0000,27.0246,49.5323,2025-11-22,0000,unknown,0.5,industrial_flare,2025-11-22,NA
27.0381_49.5641_2025-11-22_0000,27.0381,49.5641,2025-11-22,0000,unknown,0.5,industrial_flare,2025-11-22,NA
27.0519_49.5527_2025-11-22_0000,27.0519,49.5527,2025-11-22,0000,unknown,0.5,industrial_flare,2025-11-22,NA
16.7361_43.0501_2025-11-25_0000,16.7361,43.0501,2025-11-25,0000,unknown,0.5,industrial_flare,2025-11-25,NA
23.9622_38.279_2025-11-25_0000,23.9622,38.279,2025-11-25,0000,unknown,0.5,industrial_flare,2025-11-25,NA
23.9617_38.28_2025-11-25_0000,23.9617,38.28,2025-11-25,0000,unknown,0.5,industrial_flare,2025-11-25,NA
